trackID, chamberNb, energyDeposit(keV), Xpos, Ypos, Zpos
240, 4, 4.474e+01, -1.933e+00, -5.733e+00, -2.548e+01
240, 5, 4.260e+02, -2.444e+00, -6.624e+00, -3.164e+01
240, 5, 2.967e+02, -3.303e+00, -6.228e+00, -4.173e+01
240, 4, 1.811e+02, -3.847e+00, -4.656e+00, -4.823e+01
241, 4, 4.622e+01, -1.933e+00, -5.733e+00, -2.548e+01
241, 5, 9.771e+01, -2.164e+00, -6.720e+00, -2.888e+01
241, 6, 6.528e+01, -2.349e+00, -7.721e+00, -3.136e+01
241, 7, 7.306e+01, -2.506e+00, -8.727e+00, -3.341e+01
241, 8, 5.751e+01, -2.654e+00, -9.735e+00, -3.516e+01
241, 9, 6.505e+01, -2.792e+00, -1.074e+01, -3.670e+01
242, 5, 6.021e+00, 6.992e+00, -9.801e-01, -1.516e+00
242, 6, 3.134e+01, 7.992e+00, -1.120e+00, -1.733e+00
242, 7, 2.980e+01, 8.993e+00, -1.256e+00, -1.953e+00
242, 8, 3.216e+01, 9.994e+00, -1.388e+00, -2.173e+00
242, 9, 4.557e+01, 1.100e+01, -1.517e+00, -2.395e+00
244, 5, 9.569e+00, 6.992e+00, -9.801e-01, -1.516e+00
244, 6, 4.007e+01, 7.992e+00, -1.120e+00, -1.732e+00
244, 7, 4.510e+01, 8.992e+00, -1.262e+00, -1.948e+00
244, 8, 4.820e+01, 9.992e+00, -1.405e+00, -2.163e+00
244, 9, 1.993e+01, 1.099e+01, -1.549e+00, -2.377e+00
245, 7, 7.297e+01, -8.924e+00, 1.676e+00, -2.088e+01
245, 8, 2.209e+02, -9.920e+00, 1.843e+00, -2.302e+01
245, 9, 7.059e+01, -1.091e+01, 2.021e+00, -2.515e+01
246, 7, 1.661e+02, -8.909e+00, 1.753e+00, -2.148e+01
246, 8, 1.958e+02, -9.879e+00, 2.051e+00, -2.754e+01
246, 9, 2.179e+02, -1.097e+01, 1.683e+00, -3.440e+01
247, 3, 1.910e+02, 3.341e+00, -3.773e+00, -2.885e+01
247, 4, 2.284e+02, 4.130e+00, -4.421e+00, -3.552e+01
247, 5, 2.279e+02, 4.961e+00, -5.023e+00, -4.255e+01
247, 6, 2.145e+02, 5.838e+00, -5.571e+00, -4.996e+01
248, 3, 8.720e+01, 2.999e+00, -4.051e+00, -2.642e+01
248, 4, 6.595e+01, 3.252e+00, -5.102e+00, -2.913e+01
248, 5, 1.330e+02, 3.485e+00, -6.140e+00, -3.156e+01
248, 6, 7.350e+01, 3.701e+00, -7.171e+00, -3.376e+01
248, 7, 5.713e+01, 3.902e+00, -8.199e+00, -3.580e+01
248, 8, 5.684e+01, 4.089e+00, -9.224e+00, -3.770e+01
248, 9, 5.258e+01, 4.267e+00, -1.025e+01, -3.948e+01
139, 0, 5.093e+02, 1.625e+00, 1.183e+00, -3.594e+01
138, 0, 3.178e+02, 1.613e+00, 1.199e+00, -2.106e+01
138, 1, 3.449e+02, 2.507e+00, 1.684e+00, -3.268e+01
138, 2, 4.180e+02, 3.461e+00, 2.065e+00, -4.510e+01
250, 0, 1.297e+00, -1.992e+00, -1.792e-01, 1.042e+01
250, 0, 1.528e+00, -1.992e+00, -1.793e-01, 1.042e+01
250, 0, 8.875e-01, -1.992e+00, -1.794e-01, 1.042e+01
250, 0, 1.032e+00, -1.992e+00, -1.795e-01, 1.042e+01
250, 0, 1.579e+00, -1.992e+00, -1.797e-01, 1.042e+01
250, 0, 5.721e-01, -1.992e+00, -1.798e-01, 1.042e+01
250, 0, 1.548e+00, -1.992e+00, -1.799e-01, 1.042e+01
250, 0, 3.185e+00, -1.992e+00, -1.799e-01, 1.042e+01
250, 0, 7.521e-01, -1.992e+00, -1.800e-01, 1.042e+01
250, 0, 2.789e-01, -1.992e+00, -1.801e-01, 1.042e+01
250, 0, 3.822e-02, -1.992e+00, -1.801e-01, 1.042e+01
251, 7, 1.140e+02, 3.221e+00, 8.490e+00, 3.826e+01
251, 8, 1.384e+02, 3.540e+00, 9.449e+00, 4.212e+01
251, 9, 1.041e+02, 3.851e+00, 1.041e+01, 4.587e+01
252, 7, 2.075e+02, 3.409e+00, 8.416e+00, 4.010e+01
252, 8, 2.071e+03, 4.119e+00, 9.211e+00, 4.799e+01
112, 0, 1.621e+02, 1.745e+00, 9.972e-01, 1.791e+00
112, 1, 6.277e+01, 2.646e+00, 1.455e+00, 2.727e+00
112, 2, 3.841e+01, 3.561e+00, 1.887e+00, 3.689e+00
112, 3, 5.114e+01, 4.489e+00, 2.292e+00, 4.674e+00
112, 4, 3.426e+01, 5.426e+00, 2.675e+00, 5.683e+00
112, 5, 4.653e+01, 6.375e+00, 3.033e+00, 6.723e+00
112, 6, 3.644e+01, 7.336e+00, 3.363e+00, 7.792e+00
112, 7, 3.197e+01, 8.309e+00, 3.661e+00, 8.887e+00
112, 8, 4.582e+01, 9.296e+00, 3.924e+00, 1.001e+01
112, 9, 6.484e+01, 1.030e+01, 4.149e+00, 1.115e+01
111, 0, 5.451e+01, -1.599e-01, 2.004e+00, -6.334e-01
111, 1, 3.921e+01, -2.411e-01, 3.010e+00, -1.023e+00
111, 2, 4.778e+01, -3.225e-01, 4.017e+00, -1.465e+00
111, 3, 6.242e+01, -4.085e-01, 5.023e+00, -1.954e+00
111, 4, 5.080e+01, -4.955e-01, 6.030e+00, -2.504e+00
111, 5, 5.887e+01, -5.848e-01, 7.036e+00, -3.124e+00
111, 6, 5.134e+01, -6.725e-01, 8.042e+00, -3.815e+00
111, 7, 4.907e+01, -7.687e-01, 9.047e+00, -4.589e+00
111, 8, 5.918e+01, -8.659e-01, 1.005e+01, -5.451e+00
111, 9, 5.305e+01, -9.857e-01, 1.106e+01, -6.370e+00
111, 9, 6.780e+01, -4.675e+00, 1.006e+01, -4.247e+01
111, 8, 5.537e+01, -4.806e+00, 8.860e+00, -4.342e+01
111, 7, 1.465e+02, -4.923e+00, 7.618e+00, -4.429e+01
111, 6, 7.029e+01, -5.029e+00, 6.299e+00, -4.510e+01
111, 5, 8.742e+01, -5.138e+00, 4.828e+00, -4.587e+01
111, 4, 9.510e+01, -5.273e+00, 2.946e+00, -4.668e+01
111, 4, 2.883e+02, -5.585e+00, -2.327e+00, -4.802e+01
111, 5, 6.334e+01, -5.698e+00, -4.169e+00, -4.820e+01
111, 6, 5.367e+01, -5.780e+00, -5.632e+00, -4.825e+01
111, 7, 5.394e+01, -5.860e+00, -6.936e+00, -4.822e+01
111, 8, 7.030e+01, -5.937e+00, -8.158e+00, -4.814e+01
111, 9, 5.619e+01, -6.008e+00, -9.333e+00, -4.800e+01
261, 2, 4.537e+01, 3.825e+00, 1.269e+00, -6.570e+00
261, 3, 4.482e+01, 4.804e+00, 1.523e+00, -7.965e+00
261, 4, 5.152e+01, 5.786e+00, 1.768e+00, -9.365e+00
261, 5, 4.650e+01, 6.770e+00, 2.003e+00, -1.077e+01
261, 6, 4.617e+01, 7.756e+00, 2.230e+00, -1.218e+01
261, 7, 4.366e+01, 8.744e+00, 2.447e+00, -1.360e+01
261, 8, 4.939e+01, 9.735e+00, 2.655e+00, -1.502e+01
261, 9, 4.601e+01, 1.073e+01, 2.853e+00, -1.644e+01
262, 2, 2.604e+02, 3.588e+00, 1.835e+00, -8.892e+00
262, 3, 9.041e+01, 4.185e+00, 2.809e+00, -1.243e+01
262, 4, 7.618e+01, 4.704e+00, 3.804e+00, -1.550e+01
262, 5, 1.126e+02, 5.174e+00, 4.804e+00, -1.821e+01
262, 6, 7.348e+01, 5.604e+00, 5.807e+00, -2.067e+01
262, 7, 7.555e+01, 6.003e+00, 6.812e+00, -2.291e+01
262, 8, 1.086e+02, 6.381e+00, 7.816e+00, -2.498e+01
262, 9, 8.066e+01, 6.736e+00, 8.823e+00, -2.690e+01
263, 0, 2.978e+01, -1.872e+00, -7.317e-01, -2.011e+00
263, 1, 3.387e+01, -2.852e+00, -9.936e-01, -2.606e+00
263, 2, 2.960e+01, -3.827e+00, -1.263e+00, -3.196e+00
263, 3, 3.184e+01, -4.799e+00, -1.539e+00, -3.783e+00
263, 4, 2.407e+01, -5.769e+00, -1.822e+00, -4.365e+00
263, 5, 4.589e+02, -6.737e+00, -2.112e+00, -4.941e+00
263, 6, 2.989e+01, -7.703e+00, -2.407e+00, -5.514e+00
263, 7, 4.625e+01, -8.667e+00, -2.708e+00, -6.080e+00
263, 8, 3.746e+01, -9.629e+00, -3.016e+00, -6.644e+00
263, 9, 3.753e+01, -1.059e+01, -3.329e+00, -7.205e+00
266, 0, 1.640e+02, -1.677e+00, -1.108e+00, -3.541e+00
266, 1, 1.768e+02, -2.116e+00, -2.155e+00, -8.851e+00
266, 2, 3.891e+03, -2.968e+00, -2.726e+00, -1.969e+01
266, 3, 1.362e+02, -4.719e+00, 1.769e+00, -3.997e+01
266, 4, 1.922e+02, -5.034e+00, 3.356e+00, -4.336e+01
266, 5, 6.873e+01, -5.281e+00, 4.686e+00, -4.582e+01
266, 6, 6.157e+01, -5.492e+00, 5.913e+00, -4.786e+01
266, 7, 7.686e+01, -5.687e+00, 7.078e+00, -4.964e+01
97 , 0, 4.174e+01, 1.599e+00, -1.218e+00, 2.141e+00
97 , 1, 3.044e+02, 2.412e+00, -1.817e+00, 3.243e+00
97 , 2, 3.006e+01, 3.234e+00, -2.405e+00, 4.362e+00
97 , 3, 4.713e+01, 4.064e+00, -2.980e+00, 5.498e+00
97 , 4, 3.365e+01, 4.902e+00, -3.545e+00, 6.652e+00
97 , 5, 4.262e+01, 5.749e+00, -4.098e+00, 7.826e+00
97 , 6, 1.458e+02, 6.602e+00, -4.642e+00, 9.020e+00
97 , 7, 5.533e+01, 7.463e+00, -5.172e+00, 1.023e+01
97 , 8, 4.567e+01, 8.333e+00, -5.689e+00, 1.146e+01
97 , 9, 4.257e+01, 9.211e+00, -6.194e+00, 1.271e+01
94 , 0, 5.347e+01, 1.035e+00, 1.723e+00, -2.602e+00
94 , 1, 3.199e+01, 1.544e+00, 2.595e+00, -3.867e+00
94 , 2, 5.726e+01, 2.047e+00, 3.471e+00, -5.107e+00
94 , 3, 6.980e+01, 2.543e+00, 4.351e+00, -6.320e+00
94 , 4, 4.501e+01, 3.033e+00, 5.235e+00, -7.508e+00
94 , 5, 4.284e+01, 3.518e+00, 6.121e+00, -8.671e+00
94 , 6, 3.512e+02, 3.996e+00, 7.011e+00, -9.810e+00
94 , 7, 4.747e+01, 4.468e+00, 7.905e+00, -1.093e+01
94 , 8, 4.401e+01, 4.936e+00, 8.800e+00, -1.202e+01
94 , 9, 3.590e+01, 5.399e+00, 9.699e+00, -1.310e+01
93 , 0, 6.711e+01, -1.869e+00, -7.389e-01, -4.717e-01
93 , 1, 1.144e+02, -2.804e+00, -1.121e+00, -6.630e-01
93 , 2, 6.269e+01, -3.739e+00, -1.503e+00, -8.252e-01
93 , 3, 8.623e+01, -4.670e+00, -1.896e+00, -9.677e-01
93 , 4, 7.288e+01, -5.598e+00, -2.294e+00, -1.081e+00
93 , 5, 5.893e+01, -6.524e+00, -2.699e+00, -1.173e+00
93 , 6, 7.384e+01, -7.447e+00, -3.110e+00, -1.242e+00
93 , 7, 9.488e+01, -8.369e+00, -3.521e+00, -1.281e+00
93 , 8, 6.918e+01, -9.292e+00, -3.932e+00, -1.296e+00
93 , 9, 6.435e+01, -1.021e+01, -4.356e+00, -1.290e+00
92 , 0, 3.538e+01, 1.472e-02, 2.010e+00, -1.143e+00
92 , 1, 2.904e+01, 2.216e-02, 3.020e+00, -1.699e+00
92 , 2, 4.124e+01, 2.984e-02, 4.030e+00, -2.242e+00
92 , 3, 2.689e+01, 3.803e-02, 5.040e+00, -2.774e+00
92 , 4, 3.125e+01, 4.616e-02, 6.050e+00, -3.293e+00
92 , 5, 3.784e+01, 5.413e-02, 7.060e+00, -3.800e+00
92 , 6, 2.184e+01, 6.194e-02, 8.070e+00, -4.295e+00
92 , 7, 2.412e+01, 6.943e-02, 9.080e+00, -4.778e+00
92 , 8, 2.527e+01, 7.725e-02, 1.009e+01, -5.249e+00
92 , 9, 3.140e+01, 8.533e-02, 1.110e+01, -5.709e+00
91 , 0, 4.373e+01, 1.767e+00, -9.589e-01, -2.187e+00
91 , 1, 4.882e+01, 2.668e+00, -1.415e+00, -3.316e+00
91 , 2, 7.845e+01, 3.579e+00, -1.852e+00, -4.463e+00
91 , 3, 3.885e+01, 4.501e+00, -2.268e+00, -5.628e+00
91 , 4, 3.670e+01, 5.431e+00, -2.665e+00, -6.827e+00
91 , 5, 6.041e+01, 6.371e+00, -3.041e+00, -8.048e+00
91 , 6, 7.016e+01, 7.321e+00, -3.394e+00, -9.292e+00
91 , 7, 4.351e+01, 8.281e+00, -3.724e+00, -1.056e+01
91 , 8, 4.652e+01, 9.250e+00, -4.031e+00, -1.185e+01
91 , 9, 5.083e+01, 1.023e+01, -4.317e+00, -1.315e+01
90 , 0, 2.395e+01, 1.385e-01, 2.005e+00, 1.109e-02
90 , 1, 2.451e+01, 2.092e-01, 3.013e+00, -7.922e-03
90 , 2, 2.397e+01, 2.807e-01, 4.020e+00, -4.353e-02
90 , 3, 2.756e+01, 3.532e-01, 5.028e+00, -9.757e-02
90 , 4, 2.934e+01, 4.257e-01, 6.035e+00, -1.675e-01
90 , 5, 2.408e+01, 4.994e-01, 7.042e+00, -2.551e-01
90 , 6, 3.381e+01, 5.732e-01, 8.050e+00, -3.588e-01
90 , 7, 2.793e+01, 6.489e-01, 9.057e+00, -4.787e-01
90 , 8, 4.847e+01, 7.262e-01, 1.006e+01, -6.148e-01
90 , 9, 3.405e+01, 8.023e-01, 1.107e+01, -7.693e-01
89 , 0, 4.698e+01, 4.040e-01, 1.969e+00, -2.619e+00
89 , 1, 4.892e+01, 6.083e-01, 2.958e+00, -3.946e+00
89 , 2, 4.724e+01, 8.133e-01, 3.947e+00, -5.280e+00
89 , 3, 4.637e+01, 1.019e+00, 4.936e+00, -6.621e+00
89 , 4, 4.428e+01, 1.226e+00, 5.925e+00, -7.970e+00
89 , 5, 7.275e+01, 1.433e+00, 6.913e+00, -9.326e+00
89 , 6, 4.541e+01, 1.641e+00, 7.901e+00, -1.069e+01
89 , 7, 5.657e+01, 1.850e+00, 8.890e+00, -1.206e+01
89 , 8, 4.920e+01, 2.060e+00, 9.878e+00, -1.344e+01
89 , 9, 4.353e+01, 2.271e+00, 1.087e+01, -1.483e+01
88 , 0, 4.881e+01, -2.001e+00, 1.895e-01, -2.822e+00
88 , 1, 4.477e+01, -3.010e+00, 2.441e-01, -4.247e+00
88 , 2, 4.476e+01, -4.021e+00, 2.739e-01, -5.671e+00
88 , 3, 3.971e+01, -5.032e+00, 2.796e-01, -7.098e+00
88 , 4, 4.165e+01, -6.044e+00, 2.582e-01, -8.533e+00
88 , 5, 8.665e+01, -7.057e+00, 2.116e-01, -9.969e+00
88 , 6, 6.367e+01, -8.069e+00, 1.373e-01, -1.141e+01
88 , 7, 4.798e+01, -9.080e+00, 3.003e-02, -1.284e+01
88 , 8, 5.280e+01, -1.009e+01, -1.049e-01, -1.427e+01
88 , 9, 4.131e+01, -1.110e+01, -2.651e-01, -1.569e+01
87 , 0, 1.633e+02, 1.486e+00, -1.354e+00, -9.303e+00
87 , 1, 1.935e+02, 2.300e+00, -1.957e+00, -1.443e+01
87 , 2, 1.415e+02, 3.169e+00, -2.490e+00, -1.991e+01
87 , 3, 1.928e+02, 4.100e+00, -2.931e+00, -2.579e+01
87 , 4, 2.045e+02, 5.096e+00, -3.260e+00, -3.210e+01
87 , 5, 2.197e+02, 6.165e+00, -3.441e+00, -3.885e+01
87 , 6, 2.324e+02, 7.300e+00, -3.440e+00, -4.601e+01
86 , 0, 5.910e+01, -6.986e-01, 1.885e+00, -2.201e+00
86 , 1, 2.128e+02, -1.067e+00, 2.825e+00, -3.411e+00
86 , 2, 4.759e+01, -1.449e+00, 3.761e+00, -4.701e+00
86 , 3, 4.515e+01, -1.851e+00, 4.688e+00, -6.075e+00
86 , 4, 5.268e+01, -2.271e+00, 5.608e+00, -7.547e+00
86 , 5, 5.836e+01, -2.712e+00, 6.518e+00, -9.142e+00
86 , 6, 7.426e+01, -3.176e+00, 7.419e+00, -1.087e+01
86 , 7, 1.229e+02, -3.671e+00, 8.305e+00, -1.276e+01
86 , 8, 8.299e+01, -4.207e+00, 9.171e+00, -1.486e+01
86 , 9, 8.650e+01, -4.803e+00, 1.001e+01, -1.725e+01
85 , 0, 1.268e+02, 2.010e+00, -3.461e-02, -8.911e+00
85 , 1, 1.401e+02, 3.003e+00, -3.162e-01, -1.331e+01
85 , 2, 1.183e+02, 3.960e+00, -7.502e-01, -1.752e+01
85 , 3, 1.209e+02, 4.868e+00, -1.306e+00, -2.148e+01
85 , 4, 9.267e+01, 5.721e+00, -1.967e+00, -2.518e+01
85 , 5, 9.276e+01, 6.522e+00, -2.703e+00, -2.864e+01
85 , 6, 9.710e+01, 7.273e+00, -3.497e+00, -3.185e+01
85 , 7, 9.960e+01, 7.979e+00, -4.333e+00, -3.486e+01
85 , 8, 9.599e+01, 8.642e+00, -5.208e+00, -3.767e+01
85 , 9, 1.082e+02, 9.246e+00, -6.141e+00, -4.039e+01
84 , 0, 7.558e+02, 3.852e-01, 1.973e+00, -4.230e+01
80 , 0, 3.159e+01, 2.479e-01, -1.995e+00, -7.869e-01
80 , 1, 3.370e+01, 3.716e-01, -2.997e+00, -1.156e+00
80 , 2, 2.717e+01, 4.944e-01, -4.000e+00, -1.507e+00
80 , 3, 3.280e+01, 6.154e-01, -5.002e+00, -1.842e+00
80 , 4, 2.686e+01, 7.367e-01, -6.005e+00, -2.160e+00
80 , 5, 3.658e+01, 8.567e-01, -7.008e+00, -2.459e+00
80 , 6, 2.839e+01, 9.750e-01, -8.011e+00, -2.742e+00
80 , 7, 3.478e+01, 1.092e+00, -9.014e+00, -3.007e+00
80 , 8, 2.769e+01, 1.211e+00, -1.002e+01, -3.256e+00
80 , 9, 3.277e+01, 1.330e+00, -1.102e+01, -3.488e+00
79 , 0, 3.104e+02, 1.614e+00, -1.198e+00, -1.500e+01
79 , 1, 3.747e+02, 2.780e+00, -1.179e+00, -2.574e+01
79 , 2, 2.908e+02, 4.004e+00, -4.613e-01, -3.606e+01
79 , 3, 2.819e+02, 5.000e+00, 6.341e-01, -4.455e+01
78 , 0, 9.558e+01, 6.837e-01, 1.890e+00, 4.965e+00
78 , 1, 2.403e+02, 1.043e+00, 2.834e+00, 7.591e+00
78 , 2, 7.754e+01, 1.416e+00, 3.773e+00, 1.032e+01
78 , 3, 1.301e+02, 1.800e+00, 4.708e+00, 1.316e+01
78 , 4, 9.108e+01, 2.197e+00, 5.637e+00, 1.612e+01
78 , 5, 9.102e+01, 2.610e+00, 6.560e+00, 1.922e+01
78 , 6, 2.468e+02, 3.043e+00, 7.474e+00, 2.247e+01
78 , 7, 2.468e+02, 3.496e+00, 8.380e+00, 2.590e+01
78 , 8, 1.141e+02, 3.975e+00, 9.274e+00, 2.955e+01
78 , 9, 1.238e+02, 4.487e+00, 1.015e+01, 3.343e+01
76 , 0, 2.938e+01, -1.820e+00, -8.534e-01, 1.928e-01
76 , 1, 2.878e+01, -2.734e+00, -1.282e+00, 2.902e-01
76 , 2, 4.338e+01, -3.649e+00, -1.711e+00, 3.880e-01
76 , 3, 3.114e+01, -4.563e+00, -2.140e+00, 4.861e-01
76 , 4, 2.754e+01, -5.478e+00, -2.569e+00, 5.846e-01
76 , 5, 2.800e+01, -6.392e+00, -2.997e+00, 6.834e-01
76 , 6, 3.197e+01, -7.307e+00, -3.426e+00, 7.824e-01
76 , 7, 4.658e+01, -8.221e+00, -3.854e+00, 8.817e-01
76 , 8, 3.357e+01, -9.136e+00, -4.283e+00, 9.815e-01
76 , 9, 2.443e+01, -1.005e+01, -4.711e+00, 1.082e+00
75 , 0, 9.955e+01, -1.892e+00, -6.785e-01, 3.609e+00
75 , 1, 5.237e+01, -2.798e+00, -1.137e+00, 5.303e+00
75 , 2, 7.181e+01, -3.671e+00, -1.663e+00, 6.910e+00
75 , 3, 1.889e+02, -4.510e+00, -2.249e+00, 8.433e+00
75 , 4, 5.548e+01, -5.318e+00, -2.884e+00, 9.868e+00
75 , 5, 5.864e+01, -6.095e+00, -3.562e+00, 1.123e+01
75 , 6, 3.315e+02, -6.848e+00, -4.270e+00, 1.251e+01
75 , 7, 5.045e+01, -7.591e+00, -4.982e+00, 1.370e+01
75 , 8, 5.339e+01, -8.312e+00, -5.720e+00, 1.486e+01
75 , 9, 4.278e+01, -9.014e+00, -6.477e+00, 1.596e+01
74 , 0, 3.161e+01, -1.276e+00, 1.553e+00, 1.654e-02
74 , 1, 3.122e+01, -1.917e+00, 2.333e+00, 2.077e-02
74 , 2, 2.801e+01, -2.559e+00, 3.113e+00, 2.204e-02
74 , 3, 2.950e+01, -3.200e+00, 3.894e+00, 2.055e-02
74 , 4, 1.500e+01, -3.841e+00, 4.674e+00, 1.624e-02
74 , 5, 4.524e+01, -4.483e+00, 5.454e+00, 9.059e-03
74 , 6, 4.464e+01, -5.124e+00, 6.234e+00, -8.226e-04
74 , 7, 2.609e+01, -5.766e+00, 7.014e+00, -1.331e-02
74 , 8, 2.117e+01, -6.408e+00, 7.794e+00, -2.861e-02
74 , 9, 2.487e+01, -7.048e+00, 8.575e+00, -4.631e-02
73 , 0, 2.548e+01, -7.623e-01, 1.860e+00, -6.177e-01
73 , 1, 5.100e+01, -1.143e+00, 2.795e+00, -9.049e-01
73 , 2, 3.304e+01, -1.523e+00, 3.731e+00, -1.177e+00
73 , 3, 2.331e+01, -1.901e+00, 4.668e+00, -1.435e+00
73 , 4, 3.017e+01, -2.277e+00, 5.605e+00, -1.679e+00
73 , 5, 2.518e+01, -2.651e+00, 6.543e+00, -1.908e+00
73 , 6, 3.413e+01, -3.025e+00, 7.481e+00, -2.123e+00
73 , 7, 2.690e+01, -3.399e+00, 8.420e+00, -2.324e+00
73 , 8, 3.306e+01, -3.771e+00, 9.359e+00, -2.510e+00
73 , 9, 3.686e+01, -4.141e+00, 1.030e+01, -2.683e+00
72 , 0, 4.337e+01, -1.293e+00, 1.539e+00, -1.874e-01
72 , 1, 2.695e+01, -1.942e+00, 2.313e+00, -2.877e-01
72 , 2, 2.276e+01, -2.592e+00, 3.086e+00, -3.922e-01
72 , 3, 3.103e+01, -3.242e+00, 3.859e+00, -5.005e-01
72 , 4, 2.454e+01, -3.893e+00, 4.631e+00, -6.126e-01
72 , 5, 2.364e+01, -4.544e+00, 5.404e+00, -7.287e-01
72 , 6, 4.541e+01, -5.195e+00, 6.176e+00, -8.489e-01
72 , 7, 2.911e+01, -5.847e+00, 6.947e+00, -9.731e-01
72 , 8, 3.188e+01, -6.499e+00, 7.718e+00, -1.101e+00
72 , 9, 7.908e+01, -7.151e+00, 8.489e+00, -1.233e+00
68 , 0, 3.608e+02, -1.513e+00, -1.323e+00, 1.933e+01
68 , 1, 3.589e+02, -2.310e+00, -1.946e+00, 2.953e+01
68 , 2, 4.233e+02, -3.133e+00, -2.535e+00, 4.007e+01
279, 0, 2.781e+02, 1.431e+00, 1.412e+00, 4.224e+01
279, 1, 1.466e+02, 1.748e+00, 2.463e+00, 4.757e+01
281, 0, 5.958e+01, -1.284e+00, -1.547e+00, 7.626e+00
281, 1, 5.997e+01, -2.003e+00, -2.260e+00, 9.603e+00
281, 2, 7.032e+01, -2.706e+00, -2.987e+00, 1.152e+01
281, 3, 5.476e+01, -3.392e+00, -3.728e+00, 1.337e+01
281, 4, 8.391e+01, -4.063e+00, -4.482e+00, 1.517e+01
281, 5, 6.392e+01, -4.721e+00, -5.249e+00, 1.693e+01
281, 6, 5.226e+01, -5.366e+00, -6.027e+00, 1.865e+01
281, 7, 4.587e+01, -5.999e+00, -6.816e+00, 2.031e+01
281, 8, 4.670e+01, -6.622e+00, -7.613e+00, 2.194e+01
281, 9, 7.422e+01, -7.233e+00, -8.420e+00, 2.353e+01
65 , 0, 7.820e+01, 1.112e+00, -1.674e+00, 3.165e+00
65 , 1, 6.197e+01, 1.661e+00, -2.522e+00, 4.719e+00
65 , 2, 4.547e+01, 2.205e+00, -3.373e+00, 6.250e+00
65 , 3, 6.029e+01, 2.743e+00, -4.228e+00, 7.757e+00
65 , 4, 6.930e+01, 3.276e+00, -5.086e+00, 9.242e+00
65 , 5, 4.319e+01, 3.804e+00, -5.947e+00, 1.071e+01
65 , 6, 9.709e+01, 4.328e+00, -6.812e+00, 1.215e+01
65 , 7, 5.112e+01, 4.846e+00, -7.678e+00, 1.357e+01
65 , 8, 4.863e+01, 5.361e+00, -8.548e+00, 1.497e+01
65 , 9, 4.876e+01, 5.872e+00, -9.420e+00, 1.635e+01
64 , 0, 3.712e+01, -1.803e+00, -8.889e-01, 2.337e+00
64 , 1, 3.965e+01, -2.713e+00, -1.327e+00, 3.521e+00
64 , 2, 5.729e+01, -3.626e+00, -1.758e+00, 4.711e+00
64 , 3, 7.325e+01, -4.542e+00, -2.184e+00, 5.907e+00
64 , 4, 1.054e+02, -5.462e+00, -2.602e+00, 7.110e+00
64 , 5, 8.098e+01, -6.384e+00, -3.015e+00, 8.319e+00
64 , 6, 6.362e+01, -7.309e+00, -3.420e+00, 9.534e+00
64 , 7, 4.782e+01, -8.238e+00, -3.819e+00, 1.076e+01
64 , 8, 6.241e+01, -9.169e+00, -4.211e+00, 1.198e+01
64 , 9, 4.219e+01, -1.010e+01, -4.596e+00, 1.322e+01
289, 0, 1.654e+00, -1.969e+00, -3.507e-01, 4.035e+01
289, 0, 7.991e-01, -1.969e+00, -3.507e-01, 4.035e+01
289, 0, 1.652e+00, -1.969e+00, -3.507e-01, 4.035e+01
289, 0, 1.770e+00, -1.969e+00, -3.507e-01, 4.035e+01
289, 0, 7.831e-01, -1.969e+00, -3.507e-01, 4.035e+01
289, 0, 2.925e+00, -1.969e+00, -3.507e-01, 4.035e+01
289, 0, 5.202e+00, -1.969e+00, -3.505e-01, 4.035e+01
289, 0, 3.874e+00, -1.969e+00, -3.504e-01, 4.035e+01
289, 0, 1.212e+01, -1.969e+00, -3.504e-01, 4.035e+01
54 , 0, 3.051e+01, 1.774e+00, -9.448e-01, -1.113e-01
54 , 1, 2.269e+01, 2.666e+00, -1.420e+00, -1.660e-01
54 , 2, 3.675e+01, 3.557e+00, -1.895e+00, -2.200e-01
54 , 3, 2.695e+01, 4.448e+00, -2.370e+00, -2.731e-01
54 , 4, 2.889e+01, 5.339e+00, -2.845e+00, -3.255e-01
54 , 5, 2.828e+01, 6.231e+00, -3.320e+00, -3.771e-01
54 , 6, 3.023e+01, 7.122e+00, -3.795e+00, -4.279e-01
54 , 7, 5.536e+01, 8.013e+00, -4.270e+00, -4.780e-01
54 , 8, 2.589e+01, 8.904e+00, -4.746e+00, -5.272e-01
54 , 9, 3.127e+01, 9.795e+00, -5.221e+00, -5.756e-01
53 , 0, 3.101e+01, 1.912e+00, -6.196e-01, -7.468e-01
53 , 1, 3.271e+01, 2.873e+00, -9.315e-01, -1.121e+00
53 , 2, 3.795e+01, 3.833e+00, -1.244e+00, -1.495e+00
53 , 3, 2.452e+01, 4.794e+00, -1.557e+00, -1.869e+00
53 , 4, 3.046e+01, 5.754e+00, -1.870e+00, -2.242e+00
53 , 5, 2.814e+01, 6.714e+00, -2.184e+00, -2.615e+00
53 , 6, 2.544e+01, 7.674e+00, -2.498e+00, -2.987e+00
53 , 7, 2.728e+01, 8.633e+00, -2.814e+00, -3.359e+00
53 , 8, 3.198e+01, 9.592e+00, -3.129e+00, -3.731e+00
53 , 9, 4.867e+01, 1.055e+01, -3.445e+00, -4.103e+00
49 , 0, 5.779e+01, -5.648e-01, -1.929e+00, 3.935e+00
49 , 1, 5.979e+01, -8.517e-01, -2.897e+00, 5.938e+00
49 , 2, 5.637e+01, -1.141e+00, -3.865e+00, 7.959e+00
49 , 3, 6.613e+01, -1.432e+00, -4.832e+00, 9.997e+00
49 , 4, 7.063e+01, -1.724e+00, -5.799e+00, 1.205e+01
49 , 5, 2.830e+02, -2.019e+00, -6.765e+00, 1.413e+01
49 , 6, 8.830e+01, -2.316e+00, -7.730e+00, 1.622e+01
49 , 7, 7.582e+01, -2.616e+00, -8.695e+00, 1.833e+01
49 , 8, 6.246e+01, -2.917e+00, -9.659e+00, 2.046e+01
49 , 9, 8.568e+01, -3.221e+00, -1.062e+01, 2.261e+01
48 , 0, 1.251e+02, 1.005e+00, -1.741e+00, -2.337e+00
48 , 1, 2.040e+02, 1.588e+00, -2.569e+00, -3.934e+00
48 , 2, 2.212e+02, 2.312e+00, -3.301e+00, -6.055e+00
48 , 3, 3.824e+02, 3.308e+00, -3.802e+00, -9.027e+00
48 , 4, 6.358e+02, 5.259e+00, -2.992e+00, -1.479e+01
48 , 5, 2.462e+02, 7.042e+00, -5.043e-01, -1.915e+01
48 , 6, 2.292e+02, 7.967e+00, 1.286e+00, -2.096e+01
48 , 7, 1.859e+02, 8.631e+00, 2.821e+00, -2.205e+01
48 , 8, 2.516e+02, 9.181e+00, 4.185e+00, -2.277e+01
48 , 9, 1.018e+02, 9.664e+00, 5.461e+00, -2.329e+01
47 , 0, 3.248e+01, -8.836e-01, -1.805e+00, 1.582e+00
47 , 1, 2.630e+01, -1.330e+00, -2.711e+00, 2.391e+00
47 , 2, 2.702e+01, -1.779e+00, -3.616e+00, 3.208e+00
47 , 3, 3.154e+01, -2.230e+00, -4.520e+00, 4.034e+00
47 , 4, 4.135e+01, -2.683e+00, -5.422e+00, 4.872e+00
47 , 5, 3.369e+01, -3.140e+00, -6.323e+00, 5.719e+00
47 , 6, 2.881e+01, -3.598e+00, -7.223e+00, 6.575e+00
47 , 7, 3.251e+01, -4.059e+00, -8.122e+00, 7.443e+00
47 , 8, 3.483e+01, -4.522e+00, -9.020e+00, 8.320e+00
47 , 9, 3.580e+01, -4.987e+00, -9.917e+00, 9.208e+00
46 , 0, 3.755e+01, 1.494e+00, 1.344e+00, 1.521e+00
46 , 1, 4.608e+01, 2.265e+00, 1.997e+00, 2.331e+00
46 , 2, 3.920e+01, 3.048e+00, 2.636e+00, 3.176e+00
46 , 3, 3.965e+01, 3.846e+00, 3.257e+00, 4.058e+00
46 , 4, 4.340e+01, 4.657e+00, 3.862e+00, 4.978e+00
46 , 5, 5.199e+01, 5.482e+00, 4.449e+00, 5.938e+00
46 , 6, 5.031e+01, 6.326e+00, 5.011e+00, 6.945e+00
46 , 7, 3.981e+01, 7.190e+00, 5.545e+00, 8.002e+00
46 , 8, 8.847e+01, 8.075e+00, 6.050e+00, 9.111e+00
46 , 9, 3.663e+01, 8.985e+00, 6.518e+00, 1.027e+01
296, 9, 6.417e-01, 9.043e+00, 6.420e+00, 9.924e+00
296, 9, 6.003e-01, 9.043e+00, 6.420e+00, 9.924e+00
296, 9, 7.904e-01, 9.043e+00, 6.420e+00, 9.924e+00
296, 9, 3.612e-01, 9.043e+00, 6.420e+00, 9.924e+00
296, 9, 3.770e+00, 9.043e+00, 6.420e+00, 9.924e+00
296, 9, 1.636e+00, 9.043e+00, 6.420e+00, 9.924e+00
296, 9, 4.432e+00, 9.043e+00, 6.420e+00, 9.924e+00
296, 9, 5.386e+00, 9.043e+00, 6.420e+00, 9.925e+00
296, 9, 3.263e+00, 9.043e+00, 6.420e+00, 9.925e+00
296, 9, 1.204e+01, 9.043e+00, 6.420e+00, 9.924e+00
45 , 0, 4.193e+01, 1.649e-01, -2.003e+00, 2.674e-01
45 , 1, 2.823e+01, 2.477e-01, -3.010e+00, 3.890e-01
45 , 2, 5.072e+01, 3.305e-01, -4.016e+00, 5.027e-01
45 , 3, 2.090e+01, 4.132e-01, -5.023e+00, 6.083e-01
45 , 4, 2.820e+01, 4.966e-01, -6.030e+00, 7.069e-01
45 , 5, 2.564e+01, 5.807e-01, -7.036e+00, 7.972e-01
45 , 6, 2.184e+01, 6.649e-01, -8.043e+00, 8.798e-01
45 , 7, 3.199e+01, 7.485e-01, -9.049e+00, 9.547e-01
45 , 8, 3.075e+01, 8.316e-01, -1.006e+01, 1.021e+00
45 , 9, 2.825e+01, 9.128e-01, -1.106e+01, 1.082e+00
44 , 0, 6.700e+01, 7.321e-01, 1.872e+00, -3.959e+00
44 , 1, 6.863e+01, 1.118e+00, 2.805e+00, -6.068e+00
44 , 2, 7.685e+01, 1.510e+00, 3.736e+00, -8.261e+00
44 , 3, 6.907e+01, 1.918e+00, 4.661e+00, -1.057e+01
44 , 4, 8.337e+01, 2.343e+00, 5.578e+00, -1.300e+01
44 , 5, 8.586e+01, 2.785e+00, 6.487e+00, -1.556e+01
44 , 6, 1.509e+02, 3.247e+00, 7.388e+00, -1.828e+01
44 , 7, 8.856e+01, 3.738e+00, 8.275e+00, -2.118e+01
44 , 8, 9.715e+01, 4.262e+00, 9.146e+00, -2.431e+01
44 , 9, 9.505e+01, 4.835e+00, 9.992e+00, -2.772e+01
43 , 0, 4.306e+01, 1.000e+00, 1.743e+00, -2.262e+00
43 , 1, 4.253e+01, 1.499e+00, 2.622e+00, -3.381e+00
43 , 2, 3.791e+01, 1.994e+00, 3.502e+00, -4.489e+00
43 , 3, 5.661e+01, 2.487e+00, 4.384e+00, -5.587e+00
43 , 4, 3.217e+01, 2.976e+00, 5.267e+00, -6.673e+00
43 , 5, 4.120e+01, 3.463e+00, 6.152e+00, -7.749e+00
43 , 6, 4.483e+01, 3.947e+00, 7.039e+00, -8.814e+00
43 , 7, 3.646e+01, 4.428e+00, 7.927e+00, -9.869e+00
43 , 8, 4.614e+01, 4.906e+00, 8.817e+00, -1.091e+01
43 , 9, 3.862e+01, 5.383e+00, 9.707e+00, -1.195e+01
42 , 0, 2.844e+01, 2.005e+00, -1.467e-01, -3.991e-01
42 , 1, 2.714e+01, 3.012e+00, -2.218e-01, -5.985e-01
42 , 2, 2.765e+01, 4.019e+00, -2.976e-01, -7.976e-01
42 , 3, 1.319e+02, 5.026e+00, -3.748e-01, -9.963e-01
42 , 4, 2.488e+01, 6.033e+00, -4.535e-01, -1.194e+00
42 , 5, 2.884e+01, 7.040e+00, -5.339e-01, -1.392e+00
42 , 6, 3.083e+01, 8.047e+00, -6.153e-01, -1.589e+00
42 , 7, 4.738e+01, 9.053e+00, -6.977e-01, -1.786e+00
42 , 8, 2.748e+01, 1.006e+01, -7.807e-01, -1.982e+00
42 , 9, 2.049e+01, 1.107e+01, -8.646e-01, -2.178e+00
41 , 0, 3.618e+01, 2.008e+00, 7.802e-02, 1.238e+00
41 , 1, 6.546e+01, 3.018e+00, 1.107e-01, 1.861e+00
41 , 2, 3.424e+01, 4.028e+00, 1.381e-01, 2.484e+00
41 , 3, 3.786e+01, 5.037e+00, 1.612e-01, 3.107e+00
41 , 4, 3.753e+01, 6.047e+00, 1.794e-01, 3.730e+00
41 , 5, 3.074e+01, 7.057e+00, 1.934e-01, 4.353e+00
41 , 6, 6.920e+01, 8.067e+00, 2.025e-01, 4.976e+00
41 , 7, 3.543e+01, 9.078e+00, 2.063e-01, 5.599e+00
41 , 8, 2.657e+01, 1.009e+01, 2.053e-01, 6.221e+00
41 , 9, 2.993e+01, 1.110e+01, 1.989e-01, 6.844e+00
38 , 0, 3.439e+01, 1.628e+00, 1.178e+00, 5.340e-01
38 , 1, 2.502e+01, 2.445e+00, 1.773e+00, 7.961e-01
38 , 2, 2.965e+01, 3.261e+00, 2.368e+00, 1.054e+00
38 , 3, 2.470e+01, 4.076e+00, 2.964e+00, 1.307e+00
38 , 4, 2.711e+01, 4.890e+00, 3.562e+00, 1.556e+00
38 , 5, 2.776e+01, 5.704e+00, 4.161e+00, 1.801e+00
38 , 6, 3.285e+01, 6.516e+00, 4.761e+00, 2.041e+00
38 , 7, 3.308e+01, 7.328e+00, 5.362e+00, 2.277e+00
38 , 8, 6.728e+01, 8.139e+00, 5.964e+00, 2.509e+00
38 , 9, 4.564e+01, 8.950e+00, 6.566e+00, 2.737e+00
298, 9, 7.258e-01, 9.156e+00, 6.258e+00, 2.610e+00
298, 9, 1.816e+00, 9.156e+00, 6.258e+00, 2.610e+00
298, 9, 1.963e+00, 9.156e+00, 6.258e+00, 2.610e+00
298, 9, 4.295e-01, 9.156e+00, 6.258e+00, 2.610e+00
298, 9, 1.065e+00, 9.156e+00, 6.258e+00, 2.610e+00
298, 9, 2.692e+00, 9.156e+00, 6.258e+00, 2.610e+00
298, 9, 2.863e+00, 9.156e+00, 6.258e+00, 2.610e+00
298, 9, 2.846e+00, 9.156e+00, 6.258e+00, 2.610e+00
298, 9, 8.748e+00, 9.156e+00, 6.259e+00, 2.610e+00
298, 9, 1.540e+01, 9.156e+00, 6.259e+00, 2.610e+00
37 , 0, 7.108e+01, -1.835e+00, -8.212e-01, -1.151e+00
37 , 1, 4.018e+01, -2.767e+00, -1.209e+00, -1.758e+00
37 , 2, 5.017e+01, -3.709e+00, -1.575e+00, -2.386e+00
37 , 3, 4.702e+01, -4.660e+00, -1.920e+00, -3.039e+00
37 , 4, 4.398e+01, -5.619e+00, -2.244e+00, -3.712e+00
37 , 5, 3.947e+01, -6.585e+00, -2.545e+00, -4.401e+00
37 , 6, 5.001e+01, -7.562e+00, -2.819e+00, -5.107e+00
37 , 7, 6.957e+01, -8.546e+00, -3.067e+00, -5.834e+00
37 , 8, 3.831e+01, -9.540e+00, -3.287e+00, -6.571e+00
37 , 9, 3.864e+01, -1.054e+01, -3.482e+00, -7.322e+00
36 , 0, 9.980e+01, 4.424e-01, -1.961e+00, -5.232e+00
36 , 1, 8.182e+01, 6.795e-01, -2.943e+00, -8.052e+00
36 , 2, 9.477e+01, 9.290e-01, -3.921e+00, -1.103e+01
36 , 3, 1.671e+02, 1.193e+00, -4.897e+00, -1.419e+01
36 , 4, 1.167e+02, 1.471e+00, -5.868e+00, -1.756e+01
36 , 5, 1.103e+02, 1.770e+00, -6.834e+00, -2.120e+01
36 , 6, 1.745e+02, 2.096e+00, -7.793e+00, -2.515e+01
36 , 7, 1.144e+02, 2.454e+00, -8.742e+00, -2.951e+01
36 , 8, 3.770e+02, 2.860e+00, -9.676e+00, -3.443e+01
36 , 9, 2.137e+02, 3.330e+00, -1.059e+01, -4.017e+01
34 , 0, 4.088e+01, -6.932e-01, -1.887e+00, -4.769e-01
34 , 1, 3.005e+01, -1.040e+00, -2.835e+00, -7.062e-01
34 , 2, 3.008e+01, -1.386e+00, -3.784e+00, -9.287e-01
34 , 3, 2.706e+01, -1.732e+00, -4.733e+00, -1.144e+00
34 , 4, 3.029e+01, -2.077e+00, -5.682e+00, -1.353e+00
34 , 5, 1.885e+01, -2.421e+00, -6.632e+00, -1.555e+00
34 , 6, 2.845e+01, -2.764e+00, -7.582e+00, -1.750e+00
34 , 7, 2.927e+01, -3.108e+00, -8.532e+00, -1.940e+00
34 , 8, 2.858e+01, -3.451e+00, -9.481e+00, -2.122e+00
34 , 9, 2.707e+01, -3.794e+00, -1.043e+01, -2.298e+00
33 , 0, 1.854e+02, 1.956e+00, 4.648e-01, -1.023e+01
33 , 1, 1.487e+02, 2.929e+00, 7.373e-01, -1.531e+01
33 , 2, 1.784e+02, 3.895e+00, 1.035e+00, -2.036e+01
33 , 3, 1.383e+02, 4.854e+00, 1.357e+00, -2.537e+01
33 , 4, 1.377e+02, 5.805e+00, 1.703e+00, -3.033e+01
301, 5, 6.599e+01, 6.756e+00, 2.049e+00, -3.490e+01
301, 6, 6.402e+01, 7.743e+00, 2.273e+00, -3.705e+01
301, 7, 5.839e+01, 8.719e+00, 2.533e+00, -3.918e+01
301, 8, 6.541e+01, 9.684e+00, 2.832e+00, -4.127e+01
301, 9, 6.678e+01, 1.064e+01, 3.166e+00, -4.333e+01
302, 9, 4.149e+00, 1.039e+01, 3.914e+00, -4.694e+01
302, 9, 1.246e+01, 1.039e+01, 3.915e+00, -4.694e+01
302, 9, 4.114e+00, 1.039e+01, 3.916e+00, -4.694e+01
302, 9, 5.723e+00, 1.038e+01, 3.917e+00, -4.694e+01
302, 9, 8.156e+00, 1.038e+01, 3.918e+00, -4.694e+01
302, 9, 6.473e+00, 1.038e+01, 3.918e+00, -4.694e+01
302, 9, 5.239e+00, 1.038e+01, 3.919e+00, -4.694e+01
302, 9, 3.530e+00, 1.038e+01, 3.920e+00, -4.694e+01
302, 9, 1.333e+01, 1.038e+01, 3.921e+00, -4.694e+01
302, 9, 7.641e+00, 1.038e+01, 3.921e+00, -4.694e+01
302, 9, 9.414e+00, 1.038e+01, 3.921e+00, -4.694e+01
302, 9, 7.835e+00, 1.037e+01, 3.922e+00, -4.694e+01
302, 9, 3.700e+00, 1.037e+01, 3.923e+00, -4.694e+01
302, 9, 9.881e+00, 1.038e+01, 3.924e+00, -4.694e+01
302, 9, 1.159e+01, 1.038e+01, 3.925e+00, -4.694e+01
302, 9, 8.089e+00, 1.038e+01, 3.925e+00, -4.694e+01
302, 9, 2.580e+01, 1.038e+01, 3.925e+00, -4.693e+01
302, 9, 3.341e+01, 1.038e+01, 3.923e+00, -4.693e+01
302, 9, 6.249e+01, 1.038e+01, 3.923e+00, -4.693e+01
303, 0, 7.091e-01, -1.351e+00, 1.475e+00, -4.162e+01
303, 0, 3.124e+00, -1.352e+00, 1.475e+00, -4.162e+01
303, 0, 2.372e+00, -1.352e+00, 1.475e+00, -4.162e+01
303, 0, 3.370e+00, -1.353e+00, 1.475e+00, -4.162e+01
303, 0, 5.918e+00, -1.354e+00, 1.476e+00, -4.162e+01
303, 0, 5.922e+00, -1.355e+00, 1.476e+00, -4.162e+01
303, 0, 1.219e+01, -1.356e+00, 1.476e+00, -4.163e+01
303, 0, 2.246e+01, -1.358e+00, 1.478e+00, -4.163e+01
303, 0, 1.141e+01, -1.359e+00, 1.478e+00, -4.163e+01
303, 0, 1.104e+01, -1.360e+00, 1.478e+00, -4.163e+01
303, 0, 6.067e+00, -1.361e+00, 1.478e+00, -4.163e+01
303, 0, 8.133e+00, -1.361e+00, 1.478e+00, -4.163e+01
303, 0, 5.604e+00, -1.362e+00, 1.478e+00, -4.163e+01
303, 0, 1.803e+00, -1.362e+00, 1.478e+00, -4.163e+01
28 , 0, 4.864e+01, -1.534e+00, -1.299e+00, -4.539e+00
28 , 1, 6.863e+01, -2.299e+00, -1.959e+00, -6.799e+00
28 , 2, 1.016e+02, -3.060e+00, -2.622e+00, -9.046e+00
28 , 3, 6.817e+01, -3.818e+00, -3.290e+00, -1.128e+01
28 , 4, 7.141e+01, -4.572e+00, -3.962e+00, -1.350e+01
28 , 5, 6.163e+01, -5.323e+00, -4.638e+00, -1.571e+01
28 , 6, 8.681e+01, -6.071e+00, -5.317e+00, -1.790e+01
28 , 7, 6.596e+01, -6.815e+00, -6.000e+00, -2.009e+01
28 , 8, 1.092e+02, -7.555e+00, -6.688e+00, -2.226e+01
28 , 9, 7.251e+01, -8.293e+00, -7.379e+00, -2.442e+01
304, 0, 2.895e+00, 1.852e+00, 7.568e-01, -2.464e+01
304, 0, 2.946e+00, 1.852e+00, 7.567e-01, -2.464e+01
304, 0, 4.398e+00, 1.853e+00, 7.562e-01, -2.464e+01
304, 0, 2.182e+00, 1.853e+00, 7.557e-01, -2.464e+01
304, 0, 3.225e+00, 1.853e+00, 7.551e-01, -2.464e+01
304, 0, 2.504e+00, 1.854e+00, 7.549e-01, -2.464e+01
304, 0, 4.434e+00, 1.855e+00, 7.545e-01, -2.464e+01
304, 0, 5.720e+00, 1.856e+00, 7.546e-01, -2.464e+01
304, 0, 3.757e+01, 1.857e+00, 7.567e-01, -2.464e+01
304, 0, 4.775e+01, 1.857e+00, 7.588e-01, -2.464e+01
304, 0, 4.730e+01, 1.857e+00, 7.594e-01, -2.464e+01
20 , 0, 2.088e+02, -7.202e-01, 1.877e+00, 9.780e+00
20 , 1, 1.477e+02, -1.058e+00, 2.829e+00, 1.434e+01
20 , 2, 1.164e+02, -1.384e+00, 3.785e+00, 1.869e+01
20 , 3, 1.315e+02, -1.697e+00, 4.746e+00, 2.287e+01
20 , 4, 1.114e+02, -1.999e+00, 5.710e+00, 2.688e+01
20 , 5, 1.386e+02, -2.289e+00, 6.679e+00, 3.075e+01
20 , 6, 1.058e+02, -2.570e+00, 7.650e+00, 3.449e+01
20 , 7, 1.032e+02, -2.843e+00, 8.623e+00, 3.811e+01
20 , 8, 9.282e+01, -3.108e+00, 9.599e+00, 4.161e+01
20 , 9, 1.015e+02, -3.365e+00, 1.058e+01, 4.502e+01
19 , 0, 4.907e+01, 8.924e-01, 1.801e+00, 3.179e+00
19 , 1, 5.669e+01, 1.345e+00, 2.704e+00, 4.796e+00
19 , 2, 3.957e+01, 1.801e+00, 3.605e+00, 6.427e+00
19 , 3, 4.872e+01, 2.259e+00, 4.505e+00, 8.072e+00
19 , 4, 4.106e+01, 2.721e+00, 5.404e+00, 9.730e+00
19 , 5, 6.543e+01, 3.186e+00, 6.300e+00, 1.140e+01
19 , 6, 6.526e+01, 3.653e+00, 7.196e+00, 1.309e+01
19 , 7, 1.455e+02, 4.123e+00, 8.090e+00, 1.479e+01
19 , 8, 7.785e+01, 4.597e+00, 8.982e+00, 1.651e+01
19 , 9, 4.992e+01, 5.074e+00, 9.873e+00, 1.825e+01
18 , 0, 3.375e+01, -1.669e+00, -1.121e+00, 1.309e-01
18 , 1, 2.667e+01, -2.507e+00, -1.684e+00, 1.982e-01
18 , 2, 3.771e+01, -3.346e+00, -2.247e+00, 2.663e-01
18 , 3, 2.638e+01, -4.184e+00, -2.810e+00, 3.353e-01
18 , 4, 5.065e+01, -5.023e+00, -3.372e+00, 4.051e-01
18 , 5, 2.948e+01, -5.861e+00, -3.935e+00, 4.759e-01
18 , 6, 2.470e+01, -6.700e+00, -4.498e+00, 5.476e-01
18 , 7, 7.593e+01, -7.539e+00, -5.061e+00, 6.203e-01
18 , 8, 3.961e+01, -8.378e+00, -5.623e+00, 6.938e-01
18 , 9, 2.493e+01, -9.216e+00, -6.186e+00, 7.682e-01
17 , 0, 3.237e+01, -1.876e+00, -7.220e-01, 4.496e-01
17 , 1, 3.922e+01, -2.818e+00, -1.085e+00, 6.748e-01
17 , 2, 3.628e+01, -3.761e+00, -1.449e+00, 8.994e-01
17 , 3, 2.674e+01, -4.703e+00, -1.813e+00, 1.123e+00
17 , 4, 2.981e+01, -5.645e+00, -2.177e+00, 1.347e+00
17 , 5, 2.703e+01, -6.587e+00, -2.541e+00, 1.570e+00
17 , 6, 3.149e+01, -7.529e+00, -2.906e+00, 1.792e+00
17 , 7, 2.884e+01, -8.471e+00, -3.270e+00, 2.013e+00
17 , 8, 2.781e+01, -9.412e+00, -3.635e+00, 2.234e+00
17 , 9, 2.733e+01, -1.035e+01, -4.001e+00, 2.454e+00
16 , 0, 2.104e+01, -2.006e+00, -1.244e-01, 2.753e-01
16 , 1, 2.181e+01, -3.014e+00, -1.861e-01, 4.140e-01
16 , 2, 2.465e+01, -4.022e+00, -2.474e-01, 5.528e-01
16 , 3, 2.732e+01, -5.031e+00, -3.081e-01, 6.921e-01
16 , 4, 2.437e+01, -6.039e+00, -3.681e-01, 8.317e-01
16 , 5, 2.312e+01, -7.047e+00, -4.275e-01, 9.716e-01
16 , 6, 2.541e+01, -8.055e+00, -4.866e-01, 1.112e+00
16 , 7, 2.556e+01, -9.064e+00, -5.452e-01, 1.252e+00
16 , 8, 5.621e+01, -1.007e+01, -6.032e-01, 1.393e+00
16 , 9, 2.425e+01, -1.108e+01, -6.604e-01, 1.534e+00
312, 8, 2.900e-01, -1.006e+01, -5.626e-01, 1.231e+00
312, 8, 5.763e-01, -1.006e+01, -5.626e-01, 1.231e+00
312, 8, 2.587e-01, -1.006e+01, -5.626e-01, 1.231e+00
312, 8, 5.207e-01, -1.006e+01, -5.626e-01, 1.231e+00
312, 8, 2.371e-01, -1.006e+01, -5.627e-01, 1.231e+00
312, 8, 6.282e-01, -1.006e+01, -5.627e-01, 1.231e+00
312, 8, 1.432e+00, -1.006e+01, -5.627e-01, 1.231e+00
312, 8, 1.555e+00, -1.006e+01, -5.627e-01, 1.231e+00
312, 8, 9.761e-01, -1.006e+01, -5.628e-01, 1.231e+00
312, 8, 2.186e+00, -1.006e+01, -5.628e-01, 1.230e+00
312, 8, 1.229e+00, -1.006e+01, -5.629e-01, 1.230e+00
312, 8, 4.416e-01, -1.006e+01, -5.629e-01, 1.230e+00
312, 8, 4.287e+00, -1.006e+01, -5.629e-01, 1.230e+00
312, 8, 7.678e-03, -1.006e+01, -5.629e-01, 1.230e+00
15 , 0, 2.793e+01, 1.742e+00, 1.002e+00, -9.286e-01
15 , 1, 4.185e+01, 2.613e+00, 1.513e+00, -1.382e+00
15 , 2, 2.582e+01, 3.482e+00, 2.029e+00, -1.826e+00
15 , 3, 2.572e+01, 4.347e+00, 2.550e+00, -2.261e+00
15 , 4, 2.875e+01, 5.210e+00, 3.076e+00, -2.689e+00
15 , 5, 2.767e+01, 6.069e+00, 3.606e+00, -3.108e+00
15 , 6, 9.747e+01, 6.926e+00, 4.142e+00, -3.517e+00
15 , 7, 2.654e+01, 7.780e+00, 4.681e+00, -3.917e+00
15 , 8, 4.279e+01, 8.632e+00, 5.225e+00, -4.308e+00
15 , 9, 1.938e+01, 9.481e+00, 5.773e+00, -4.691e+00
14 , 0, 2.552e+01, -8.811e-01, 1.807e+00, 3.875e-01
14 , 1, 3.346e+01, -1.324e+00, 2.714e+00, 5.837e-01
14 , 2, 2.364e+01, -1.767e+00, 3.622e+00, 7.809e-01
14 , 3, 2.698e+01, -2.210e+00, 4.530e+00, 9.791e-01
14 , 4, 2.512e+01, -2.653e+00, 5.437e+00, 1.178e+00
14 , 5, 4.237e+01, -3.096e+00, 6.345e+00, 1.379e+00
14 , 6, 3.142e+01, -3.539e+00, 7.253e+00, 1.580e+00
14 , 7, 2.886e+01, -3.982e+00, 8.160e+00, 1.781e+00
14 , 8, 3.213e+01, -4.426e+00, 9.068e+00, 1.984e+00
14 , 9, 2.024e+01, -4.869e+00, 9.975e+00, 2.188e+00
12 , 0, 1.670e+02, 1.764e+00, -9.632e-01, 1.071e+01
12 , 1, 2.011e+02, 2.741e+00, -1.268e+00, 1.667e+01
12 , 2, 4.612e+02, 3.774e+00, -1.414e+00, 2.296e+01
12 , 3, 2.032e+02, 4.847e+00, -1.381e+00, 2.954e+01
12 , 4, 1.969e+02, 5.941e+00, -1.144e+00, 3.623e+01
12 , 5, 2.010e+02, 7.025e+00, -7.069e-01, 4.284e+01
12 , 6, 1.700e+02, 8.069e+00, -9.644e-02, 4.916e+01
11 , 0, 1.358e+02, 1.348e+00, 1.491e+00, 6.351e+00
11 , 1, 2.486e+02, 2.328e+00, 1.923e+00, 1.107e+01
11 , 2, 2.598e+02, 3.647e+00, 1.714e+00, 1.739e+01
11 , 3, 1.744e+02, 5.013e+00, 5.172e-01, 2.378e+01
11 , 4, 1.530e+02, 5.977e+00, -9.380e-01, 2.813e+01
11 , 5, 8.523e+01, 6.674e+00, -2.301e+00, 3.116e+01
11 , 6, 1.078e+02, 7.237e+00, -3.571e+00, 3.350e+01
11 , 7, 7.286e+01, 7.724e+00, -4.774e+00, 3.543e+01
11 , 8, 6.457e+01, 8.168e+00, -5.923e+00, 3.710e+01
11 , 9, 6.267e+01, 8.578e+00, -7.044e+00, 3.856e+01
314, 7, 3.468e-01, 7.859e+00, -4.529e+00, 3.506e+01
314, 7, 2.147e-01, 7.859e+00, -4.529e+00, 3.506e+01
314, 7, 1.624e-01, 7.859e+00, -4.529e+00, 3.506e+01
314, 7, 1.123e-01, 7.859e+00, -4.529e+00, 3.506e+01
314, 7, 2.382e-01, 7.859e+00, -4.529e+00, 3.506e+01
314, 7, 3.423e-01, 7.859e+00, -4.529e+00, 3.506e+01
314, 7, 4.089e-01, 7.859e+00, -4.529e+00, 3.506e+01
314, 7, 5.422e-01, 7.859e+00, -4.529e+00, 3.506e+01
314, 7, 1.070e+00, 7.859e+00, -4.529e+00, 3.506e+01
314, 7, 1.341e+00, 7.859e+00, -4.529e+00, 3.506e+01
314, 7, 9.278e-01, 7.859e+00, -4.529e+00, 3.506e+01
314, 7, 1.605e+00, 7.859e+00, -4.529e+00, 3.506e+01
314, 7, 9.462e-01, 7.859e+00, -4.529e+00, 3.506e+01
314, 7, 1.810e+00, 7.859e+00, -4.529e+00, 3.506e+01
314, 7, 7.181e-01, 7.859e+00, -4.529e+00, 3.506e+01
314, 7, 1.073e+00, 7.859e+00, -4.529e+00, 3.506e+01
314, 7, 1.648e+00, 7.859e+00, -4.529e+00, 3.506e+01
10 , 0, 9.838e+01, -1.041e+00, -1.719e+00, 4.018e+00
10 , 1, 7.939e+01, -1.578e+00, -2.575e+00, 6.105e+00
10 , 2, 1.089e+02, -2.127e+00, -3.423e+00, 8.240e+00
10 , 3, 7.038e+01, -2.685e+00, -4.266e+00, 1.043e+01
10 , 4, 7.213e+01, -3.253e+00, -5.101e+00, 1.268e+01
10 , 5, 8.969e+01, -3.833e+00, -5.929e+00, 1.498e+01
10 , 6, 6.765e+01, -4.425e+00, -6.749e+00, 1.734e+01
10 , 7, 1.906e+02, -5.029e+00, -7.560e+00, 1.976e+01
10 , 8, 7.474e+01, -5.649e+00, -8.361e+00, 2.225e+01
10 , 9, 9.205e+01, -6.286e+00, -9.149e+00, 2.481e+01
9  , 0, 8.183e+01, -2.005e+00, 1.366e-01, 1.254e+00
9  , 1, 3.108e+01, -3.014e+00, 1.926e-01, 1.885e+00
9  , 2, 4.963e+01, -4.023e+00, 2.384e-01, 2.517e+00
9  , 3, 4.070e+01, -5.033e+00, 2.746e-01, 3.151e+00
9  , 4, 3.048e+01, -6.042e+00, 3.029e-01, 3.785e+00
9  , 5, 6.637e+01, -7.053e+00, 3.212e-01, 4.420e+00
9  , 6, 4.243e+01, -8.063e+00, 3.310e-01, 5.054e+00
9  , 7, 5.150e+01, -9.074e+00, 3.325e-01, 5.688e+00
9  , 8, 3.281e+01, -1.008e+01, 3.239e-01, 6.322e+00
9  , 9, 4.512e+01, -1.110e+01, 3.049e-01, 6.956e+00
6  , 0, 3.091e+01, 1.898e+00, -6.602e-01, -5.374e-01
6  , 1, 3.378e+01, 2.853e+00, -9.917e-01, -8.076e-01
6  , 2, 2.635e+01, 3.807e+00, -1.323e+00, -1.078e+00
6  , 3, 3.759e+01, 4.761e+00, -1.655e+00, -1.349e+00
6  , 4, 9.962e+01, 5.715e+00, -1.986e+00, -1.619e+00
6  , 5, 2.381e+01, 6.669e+00, -2.317e+00, -1.890e+00
6  , 6, 1.788e+01, 7.623e+00, -2.648e+00, -2.161e+00
6  , 7, 2.810e+01, 8.577e+00, -2.979e+00, -2.432e+00
6  , 8, 2.719e+01, 9.532e+00, -3.310e+00, -2.703e+00
6  , 9, 5.027e+01, 1.049e+01, -3.641e+00, -2.975e+00
5  , 0, 2.173e+01, 1.900e+00, -6.560e-01, 9.517e-03
5  , 1, 2.127e+01, 2.855e+00, -9.855e-01, 1.264e-02
5  , 2, 2.334e+01, 3.809e+00, -1.315e+00, 1.462e-02
5  , 3, 2.531e+01, 4.764e+00, -1.645e+00, 1.541e-02
5  , 4, 2.348e+01, 5.719e+00, -1.974e+00, 1.517e-02
5  , 5, 6.075e+01, 6.674e+00, -2.304e+00, 1.441e-02
5  , 6, 4.358e+01, 7.628e+00, -2.633e+00, 1.278e-02
5  , 7, 3.452e+01, 8.583e+00, -2.963e+00, 1.022e-02
5  , 8, 3.041e+01, 9.538e+00, -3.293e+00, 6.806e-03
5  , 9, 2.910e+01, 1.049e+01, -3.622e+00, 2.508e-03
4  , 0, 1.974e+01, 4.020e-01, -1.969e+00, -3.107e-01
4  , 1, 3.314e+01, 6.063e-01, -2.959e+00, -5.004e-01
4  , 2, 5.037e+01, 8.131e-01, -3.947e+00, -7.138e-01
4  , 3, 2.959e+01, 1.020e+00, -4.936e+00, -9.493e-01
4  , 4, 2.379e+01, 1.229e+00, -5.924e+00, -1.209e+00
4  , 5, 8.314e+01, 1.442e+00, -6.911e+00, -1.493e+00
4  , 6, 2.737e+01, 1.658e+00, -7.898e+00, -1.804e+00
4  , 7, 3.077e+01, 1.877e+00, -8.884e+00, -2.140e+00
4  , 8, 3.414e+01, 2.099e+00, -9.869e+00, -2.502e+00
4  , 9, 4.975e+01, 2.325e+00, -1.085e+01, -2.890e+00
3  , 0, 1.102e+02, 3.337e-01, 1.982e+00, -5.599e+00
3  , 1, 7.128e+01, 4.872e-01, 2.980e+00, -8.155e+00
3  , 2, 6.864e+01, 6.327e-01, 3.980e+00, -1.057e+01
3  , 3, 5.002e+01, 7.693e-01, 4.981e+00, -1.287e+01
3  , 4, 8.108e+01, 8.978e-01, 5.983e+00, -1.506e+01
3  , 5, 8.166e+01, 1.023e+00, 6.985e+00, -1.715e+01
3  , 6, 1.029e+02, 1.144e+00, 7.988e+00, -1.915e+01
3  , 7, 5.807e+01, 1.260e+00, 8.992e+00, -2.107e+01
3  , 8, 5.539e+01, 1.374e+00, 9.996e+00, -2.292e+01
3  , 9, 9.102e+01, 1.486e+00, 1.100e+01, -2.469e+01
2  , 0, 8.819e+02, -1.984e+00, 3.192e-01, -3.927e+01
1  , 0, 5.025e+02, 1.283e-01, 2.006e+00, -3.584e+01
1  , 1, 6.134e+02, 1.785e-01, 3.015e+00, -4.996e+01
